24 Profile for Shelter: AirBeam 2032 18K,,,,,,,,,,,,,,,,,,,,,,,,
,,,,,,,,,,,,,,,,,,,,,,,,
Shelter HVAC Heat Load / ECU Supply Summary (BTU/hr),,,,,,,,,,,,,,,,,,,,,,,,
,2400 - 0100,0100 - 0200,0200 - 0300,0300 - 0400,0400 - 0500,0500 - 0600,0600 - 0700,0700 - 0800,0800 - 0900,0900 - 1000,1000 - 1100,1100 - 1200,1200 - 1300,1300 - 1400,1400 - 1500,1500 - 1600,1600 - 1700,1700 - 1800,1800 - 1900,1900 - 2000,2000 - 2100,2100 - 2200,2200 - 2300,2300 - 2400
HVAC Supply from 18K E2CU,0,0,0,0,0,0,0,0,0,0,5623,11034,15602,18149,18686,17951,14011,9518,3503,0,0,0,0,0
HVAC Supply from 18K E2CU,0,0,0,0,0,0,0,3425,12496,20016,21257,20785,20312,19997,19840,19682,19840,19997,20312,16318,7309,4101,1855,473
HVAC Supply from 18K E2CU,0,0,0,0,0,0,0,0,0,0,0,0,0,0,0,0,0,0,0,0,0,0,0,0
HVAC Supply from 18K E2CU,19067,17828,15687,13544,12240,10937,18946,23305,22517,21887,21257,20785,20312,19997,19840,19682,19840,19997,20312,20942,21415,21887,22202,22360
Shelter HVAC Heat Load,19067,17828,15687,13544,12240,10937,18946,26730,35013,41903,48137,52603,56226,58143,58365,57315,53690,49512,44127,37260,28724,25988,24057,22833
,,,,,,,,,,,,,,,,,,,,,,,,
Shelter Heat Load Breakdown (BTU/hr),,,,,,,,,,,,,,,,,,,,,,,,
,2400 - 0100,0100 - 0200,0200 - 0300,0300 - 0400,0400 - 0500,0500 - 0600,0600 - 0700,0700 - 0800,0800 - 0900,0900 - 1000,1000 - 1100,1100 - 1200,1200 - 1300,1300 - 1400,1400 - 1500,1500 - 1600,1600 - 1700,1700 - 1800,1800 - 1900,1900 - 2000,2000 - 2100,2100 - 2200,2200 - 2300,2300 - 2400
Electrical,18486,18486,18486,18486,18486,18486,18486,18486,18486,18486,18486,18486,18486,18486,18486,18486,18486,18486,18486,18486,18486,18486,18486,18486
Personnel,5500,5500,5500,5500,5500,5500,11000,11000,11000,11000,11000,11000,11000,11000,11000,11000,11000,11000,11000,11000,5500,5500,5500,5500
Structure,-4261,-5171,-6653,-8138,-9113,-10087,-7906,-1439,5197,10771,15688,19167,21802,23061,22953,21575,18279,14429,9703,4153,2104,356,-917,-1812
Ventilation,-658,-988,-1646,-2304,-2633,-2963,-2633,-1317,329,1646,2963,3950,4938,5596,5925,6254,5925,5596,4938,3621,2633,1646,988,658
Shelter HVAC Heat Load,19067,17828,15687,13544,12240,10937,18946,26730,35013,41903,48137,52603,56226,58143,58365,57315,53690,49512,44127,37260,28724,25988,24057,22833
,,,,,,,,,,,,,,,,,,,,,,,,
Temperatures (°F),,,,,,,,,,,,,,,,,,,,,,,,
,2400 - 0100,0100 - 0200,0200 - 0300,0300 - 0400,0400 - 0500,0500 - 0600,0600 - 0700,0700 - 0800,0800 - 0900,0900 - 1000,1000 - 1100,1100 - 1200,1200 - 1300,1300 - 1400,1400 - 1500,1500 - 1600,1600 - 1700,1700 - 1800,1800 - 1900,1900 - 2000,2000 - 2100,2100 - 2200,2200 - 2300,2300 - 2400
Ambient Temperature,83,82,80,78,77,76,77,81,86,90,94,97,100,102,103,104,103,102,100,96,93,90,88,87
Shelter Internal Temperature,85,85,85,85,85,85,85,85,85,85,85,85,85,85,85,85,85,85,85,85,85,85,85,85
,,,,,,,,,,,,,,,,,,,,,,,,
,,,,,,,,,,,,,,,,,,,,,,,,
24 Profile for Shelter: AirBeam 2032 36K,,,,,,,,,,,,,,,,,,,,,,,,
,,,,,,,,,,,,,,,,,,,,,,,,
Shelter HVAC Heat Load / ECU Supply Summary (BTU/hr),,,,,,,,,,,,,,,,,,,,,,,,
,2400 - 0100,0100 - 0200,0200 - 0300,0300 - 0400,0400 - 0500,0500 - 0600,0600 - 0700,0700 - 0800,0800 - 0900,0900 - 1000,1000 - 1100,1100 - 1200,1200 - 1300,1300 - 1400,1400 - 1500,1500 - 1600,1600 - 1700,1700 - 1800,1800 - 1900,1900 - 2000,2000 - 2100,2100 - 2200,2200 - 2300,2300 - 2400
HVAC Supply from 36K ECU,19067,17828,15687,13544,12240,10937,18946,26730,35013,41903,42514,41569,40624,39994,39679,39364,39679,39994,40624,37260,28724,25988,24057,22833
HVAC Supply from 36K ECU,0,0,0,0,0,0,0,0,0,0,5623,11034,15602,18149,18686,17951,14011,9518,3503,0,0,0,0,0
Shelter HVAC Heat Load,19067,17828,15687,13544,12240,10937,18946,26730,35013,41903,48137,52603,56226,58143,58365,57315,53690,49512,44127,37260,28724,25988,24057,22833
,,,,,,,,,,,,,,,,,,,,,,,,
Shelter Heat Load Breakdown (BTU/hr),,,,,,,,,,,,,,,,,,,,,,,,
,2400 - 0100,0100 - 0200,0200 - 0300,0300 - 0400,0400 - 0500,0500 - 0600,0600 - 0700,0700 - 0800,0800 - 0900,0900 - 1000,1000 - 1100,1100 - 1200,1200 - 1300,1300 - 1400,1400 - 1500,1500 - 1600,1600 - 1700,1700 - 1800,1800 - 1900,1900 - 2000,2000 - 2100,2100 - 2200,2200 - 2300,2300 - 2400
Electrical,18486,18486,18486,18486,18486,18486,18486,18486,18486,18486,18486,18486,18486,18486,18486,18486,18486,18486,18486,18486,18486,18486,18486,18486
Personnel,5500,5500,5500,5500,5500,5500,11000,11000,11000,11000,11000,11000,11000,11000,11000,11000,11000,11000,11000,11000,5500,5500,5500,5500
Structure,-4261,-5171,-6653,-8138,-9113,-10087,-7906,-1439,5197,10771,15688,19167,21802,23061,22953,21575,18279,14429,9703,4153,2104,356,-917,-1812
Ventilation,-658,-988,-1646,-2304,-2633,-2963,-2633,-1317,329,1646,2963,3950,4938,5596,5925,6254,5925,5596,4938,3621,2633,1646,988,658
Shelter HVAC Heat Load,19067,17828,15687,13544,12240,10937,18946,26730,35013,41903,48137,52603,56226,58143,58365,57315,53690,49512,44127,37260,28724,25988,24057,22833
,,,,,,,,,,,,,,,,,,,,,,,,
Temperatures (°F),,,,,,,,,,,,,,,,,,,,,,,,
,2400 - 0100,0100 - 0200,0200 - 0300,0300 - 0400,0400 - 0500,0500 - 0600,0600 - 0700,0700 - 0800,0800 - 0900,0900 - 1000,1000 - 1100,1100 - 1200,1200 - 1300,1300 - 1400,1400 - 1500,1500 - 1600,1600 - 1700,1700 - 1800,1800 - 1900,1900 - 2000,2000 - 2100,2100 - 2200,2200 - 2300,2300 - 2400
Ambient Temperature,83,82,80,78,77,76,77,81,86,90,94,97,100,102,103,104,103,102,100,96,93,90,88,87
Shelter Internal Temperature,85,85,85,85,85,85,85,85,85,85,85,85,85,85,85,85,85,85,85,85,85,85,85,85
,,,,,,,,,,,,,,,,,,,,,,,,
,,,,,,,,,,,,,,,,,,,,,,,,
24 Profile for Shelter: AirBeam 2032 60K,,,,,,,,,,,,,,,,,,,,,,,,
,,,,,,,,,,,,,,,,,,,,,,,,
Shelter HVAC Heat Load / ECU Supply Summary (BTU/hr),,,,,,,,,,,,,,,,,,,,,,,,
,2400 - 0100,0100 - 0200,0200 - 0300,0300 - 0400,0400 - 0500,0500 - 0600,0600 - 0700,0700 - 0800,0800 - 0900,0900 - 1000,1000 - 1100,1100 - 1200,1200 - 1300,1300 - 1400,1400 - 1500,1500 - 1600,1600 - 1700,1700 - 1800,1800 - 1900,1900 - 2000,2000 - 2100,2100 - 2200,2200 - 2300,2300 - 2400
HVAC Supply from 60K ECU,19067,17828,15687,13544,12240,10937,18946,26730,35013,41903,48137,52603,56226,58143,58365,57315,53690,49512,44127,37260,28724,25988,24057,22833
Shelter HVAC Heat Load,19067,17828,15687,13544,12240,10937,18946,26730,35013,41903,48137,52603,56226,58143,58365,57315,53690,49512,44127,37260,28724,25988,24057,22833
,,,,,,,,,,,,,,,,,,,,,,,,
Shelter Heat Load Breakdown (BTU/hr),,,,,,,,,,,,,,,,,,,,,,,,
,2400 - 0100,0100 - 0200,0200 - 0300,0300 - 0400,0400 - 0500,0500 - 0600,0600 - 0700,0700 - 0800,0800 - 0900,0900 - 1000,1000 - 1100,1100 - 1200,1200 - 1300,1300 - 1400,1400 - 1500,1500 - 1600,1600 - 1700,1700 - 1800,1800 - 1900,1900 - 2000,2000 - 2100,2100 - 2200,2200 - 2300,2300 - 2400
Electrical,18486,18486,18486,18486,18486,18486,18486,18486,18486,18486,18486,18486,18486,18486,18486,18486,18486,18486,18486,18486,18486,18486,18486,18486
Personnel,5500,5500,5500,5500,5500,5500,11000,11000,11000,11000,11000,11000,11000,11000,11000,11000,11000,11000,11000,11000,5500,5500,5500,5500
Structure,-4261,-5171,-6653,-8138,-9113,-10087,-7906,-1439,5197,10771,15688,19167,21802,23061,22953,21575,18279,14429,9703,4153,2104,356,-917,-1812
Ventilation,-658,-988,-1646,-2304,-2633,-2963,-2633,-1317,329,1646,2963,3950,4938,5596,5925,6254,5925,5596,4938,3621,2633,1646,988,658
Shelter HVAC Heat Load,19067,17828,15687,13544,12240,10937,18946,26730,35013,41903,48137,52603,56226,58143,58365,57315,53690,49512,44127,37260,28724,25988,24057,22833
,,,,,,,,,,,,,,,,,,,,,,,,
Temperatures (°F),,,,,,,,,,,,,,,,,,,,,,,,
,2400 - 0100,0100 - 0200,0200 - 0300,0300 - 0400,0400 - 0500,0500 - 0600,0600 - 0700,0700 - 0800,0800 - 0900,0900 - 1000,1000 - 1100,1100 - 1200,1200 - 1300,1300 - 1400,1400 - 1500,1500 - 1600,1600 - 1700,1700 - 1800,1800 - 1900,1900 - 2000,2000 - 2100,2100 - 2200,2200 - 2300,2300 - 2400
Ambient Temperature,83,82,80,78,77,76,77,81,86,90,94,97,100,102,103,104,103,102,100,96,93,90,88,87
Shelter Internal Temperature,85,85,85,85,85,85,85,85,85,85,85,85,85,85,85,85,85,85,85,85,85,85,85,85
,,,,,,,,,,,,,,,,,,,,,,,,
,,,,,,,,,,,,,,,,,,,,,,,,
24 Profile for Shelter: AirBeam 3236 18K,,,,,,,,,,,,,,,,,,,,,,,,
,,,,,,,,,,,,,,,,,,,,,,,,
Shelter HVAC Heat Load / ECU Supply Summary (BTU/hr),,,,,,,,,,,,,,,,,,,,,,,,
,2400 - 0100,0100 - 0200,0200 - 0300,0300 - 0400,0400 - 0500,0500 - 0600,0600 - 0700,0700 - 0800,0800 - 0900,0900 - 1000,1000 - 1100,1100 - 1200,1200 - 1300,1300 - 1400,1400 - 1500,1500 - 1600,1600 - 1700,1700 - 1800,1800 - 1900,1900 - 2000,2000 - 2100,2100 - 2200,2200 - 2300,2300 - 2400
HVAC Supply from 18K E2CU,0,0,0,0,0,0,0,0,0,7485,19181,20785,20312,19997,19840,19682,19840,19997,11381,0,0,0,0,0
HVAC Supply from 18K E2CU,0,0,0,0,0,0,0,0,0,0,0,6794,14065,17892,18292,16523,9572,1572,0,0,0,0,0,0
HVAC Supply from 18K E2CU,0,0,0,0,0,0,0,2309,17083,21887,21257,20785,20312,19997,19840,19682,19840,19997,20312,19180,8366,3636,337,0
HVAC Supply from 18K E2CU,14835,12963,9684,6402,4446,2490,12318,23305,22517,21887,21257,20785,20312,19997,19840,19682,19840,19997,20312,20942,21415,21887,22202,20693
Shelter HVAC Heat Load,14835,12963,9684,6402,4446,2490,12318,25614,39600,51259,61695,69148,75001,77883,77811,75569,69091,61563,52005,40122,29781,25523,22539,20693
,,,,,,,,,,,,,,,,,,,,,,,,
Shelter Heat Load Breakdown (BTU/hr),,,,,,,,,,,,,,,,,,,,,,,,
,2400 - 0100,0100 - 0200,0200 - 0300,0300 - 0400,0400 - 0500,0500 - 0600,0600 - 0700,0700 - 0800,0800 - 0900,0900 - 1000,1000 - 1100,1100 - 1200,1200 - 1300,1300 - 1400,1400 - 1500,1500 - 1600,1600 - 1700,1700 - 1800,1800 - 1900,1900 - 2000,2000 - 2100,2100 - 2200,2200 - 2300,2300 - 2400
Electrical,18486,18486,18486,18486,18486,18486,18486,18486,18486,18486,18486,18486,18486,18486,18486,18486,18486,18486,18486,18486,18486,18486,18486,18486
Personnel,5500,5500,5500,5500,5500,5500,11000,11000,11000,11000,11000,11000,11000,11000,11000,11000,11000,11000,11000,11000,5500,5500,5500,5500
Structure,-8493,-10035,-12657,-15280,-16907,-18533,-14535,-2555,9785,20127,29246,35712,40577,42800,42400,39828,33679,26481,17581,7014,3161,-109,-2435,-3951
Ventilation,-658,-988,-1646,-2304,-2633,-2963,-2633,-1317,329,1646,2963,3950,4938,5596,5925,6254,5925,5596,4938,3621,2633,1646,988,658
Shelter HVAC Heat Load,14835,12963,9684,6402,4446,2490,12318,25614,39600,51259,61695,69148,75001,77883,77811,75569,69091,61563,52005,40122,29781,25523,22539,20693
,,,,,,,,,,,,,,,,,,,,,,,,
Temperatures (°F),,,,,,,,,,,,,,,,,,,,,,,,
,2400 - 0100,0100 - 0200,0200 - 0300,0300 - 0400,0400 - 0500,0500 - 0600,0600 - 0700,0700 - 0800,0800 - 0900,0900 - 1000,1000 - 1100,1100 - 1200,1200 - 1300,1300 - 1400,1400 - 1500,1500 - 1600,1600 - 1700,1700 - 1800,1800 - 1900,1900 - 2000,2000 - 2100,2100 - 2200,2200 - 2300,2300 - 2400
Ambient Temperature,83,82,80,78,77,76,77,81,86,90,94,97,100,102,103,104,103,102,100,96,93,90,88,87
Shelter Internal Temperature,85,85,85,85,85,85,85,85,85,85,85,85,85,85,85,85,85,85,85,85,85,85,85,85
,,,,,,,,,,,,,,,,,,,,,,,,
,,,,,,,,,,,,,,,,,,,,,,,,
24 Profile for Shelter: AirBeam 3236 36K,,,,,,,,,,,,,,,,,,,,,,,,
,,,,,,,,,,,,,,,,,,,,,,,,
Shelter HVAC Heat Load / ECU Supply Summary (BTU/hr),,,,,,,,,,,,,,,,,,,,,,,,
,2400 - 0100,0100 - 0200,0200 - 0300,0300 - 0400,0400 - 0500,0500 - 0600,0600 - 0700,0700 - 0800,0800 - 0900,0900 - 1000,1000 - 1100,1100 - 1200,1200 - 1300,1300 - 1400,1400 - 1500,1500 - 1600,1600 - 1700,1700 - 1800,1800 - 1900,1900 - 2000,2000 - 2100,2100 - 2200,2200 - 2300,2300 - 2400
HVAC Supply from 36K ECU,14835,12963,9684,6402,4446,2490,12318,25614,39600,43774,42514,41569,40624,39994,39679,39364,39679,39994,40624,40122,29781,25523,22539,20693
HVAC Supply from 36K ECU,0,0,0,0,0,0,0,0,0,7485,19181,27579,34377,37889,38132,36205,29412,21569,11381,0,0,0,0,0
Shelter HVAC Heat Load,14835,12963,9684,6402,4446,2490,12318,25614,39600,51259,61695,69148,75001,77883,77811,75569,69091,61563,52005,40122,29781,25523,22539,20693
,,,,,,,,,,,,,,,,,,,,,,,,
Shelter Heat Load Breakdown (BTU/hr),,,,,,,,,,,,,,,,,,,,,,,,
,2400 - 0100,0100 - 0200,0200 - 0300,0300 - 0400,0400 - 0500,0500 - 0600,0600 - 0700,0700 - 0800,0800 - 0900,0900 - 1000,1000 - 1100,1100 - 1200,1200 - 1300,1300 - 1400,1400 - 1500,1500 - 1600,1600 - 1700,1700 - 1800,1800 - 1900,1900 - 2000,2000 - 2100,2100 - 2200,2200 - 2300,2300 - 2400
Electrical,18486,18486,18486,18486,18486,18486,18486,18486,18486,18486,18486,18486,18486,18486,18486,18486,18486,18486,18486,18486,18486,18486,18486,18486
Personnel,5500,5500,5500,5500,5500,5500,11000,11000,11000,11000,11000,11000,11000,11000,11000,11000,11000,11000,11000,11000,5500,5500,5500,5500
Structure,-8493,-10035,-12657,-15280,-16907,-18533,-14535,-2555,9785,20127,29246,35712,40577,42800,42400,39828,33679,26481,17581,7014,3161,-109,-2435,-3951
Ventilation,-658,-988,-1646,-2304,-2633,-2963,-2633,-1317,329,1646,2963,3950,4938,5596,5925,6254,5925,5596,4938,3621,2633,1646,988,658
Shelter HVAC Heat Load,14835,12963,9684,6402,4446,2490,12318,25614,39600,51259,61695,69148,75001,77883,77811,75569,69091,61563,52005,40122,29781,25523,22539,20693
,,,,,,,,,,,,,,,,,,,,,,,,
Temperatures (°F),,,,,,,,,,,,,,,,,,,,,,,,
,2400 - 0100,0100 - 0200,0200 - 0300,0300 - 0400,0400 - 0500,0500 - 0600,0600 - 0700,0700 - 0800,0800 - 0900,0900 - 1000,1000 - 1100,1100 - 1200,1200 - 1300,1300 - 1400,1400 - 1500,1500 - 1600,1600 - 1700,1700 - 1800,1800 - 1900,1900 - 2000,2000 - 2100,2100 - 2200,2200 - 2300,2300 - 2400
Ambient Temperature,83,82,80,78,77,76,77,81,86,90,94,97,100,102,103,104,103,102,100,96,93,90,88,87
Shelter Internal Temperature,85,85,85,85,85,85,85,85,85,85,85,85,85,85,85,85,85,85,85,85,85,85,85,85
,,,,,,,,,,,,,,,,,,,,,,,,
,,,,,,,,,,,,,,,,,,,,,,,,
24 Profile for Shelter: AirBeam 3236 60K,,,,,,,,,,,,,,,,,,,,,,,,
,,,,,,,,,,,,,,,,,,,,,,,,
Shelter HVAC Heat Load / ECU Supply Summary (BTU/hr),,,,,,,,,,,,,,,,,,,,,,,,
,2400 - 0100,0100 - 0200,0200 - 0300,0300 - 0400,0400 - 0500,0500 - 0600,0600 - 0700,0700 - 0800,0800 - 0900,0900 - 1000,1000 - 1100,1100 - 1200,1200 - 1300,1300 - 1400,1400 - 1500,1500 - 1600,1600 - 1700,1700 - 1800,1800 - 1900,1900 - 2000,2000 - 2100,2100 - 2200,2200 - 2300,2300 - 2400
HVAC Supply from 60K ECU,14835,12963,9684,6402,4446,2490,12318,25614,39600,51259,61695,69148,70862,71428,71049,69801,67511,61563,52005,40122,29781,25523,22539,20693
Shelter HVAC Heat Load,14835,12963,9684,6402,4446,2490,12318,25614,39600,51259,61695,69148,75001,77883,77811,75569,69091,61563,52005,40122,29781,25523,22539,20693
,,,,,,,,,,,,,,,,,,,,,,,,
Shelter Heat Load Breakdown (BTU/hr),,,,,,,,,,,,,,,,,,,,,,,,
,2400 - 0100,0100 - 0200,0200 - 0300,0300 - 0400,0400 - 0500,0500 - 0600,0600 - 0700,0700 - 0800,0800 - 0900,0900 - 1000,1000 - 1100,1100 - 1200,1200 - 1300,1300 - 1400,1400 - 1500,1500 - 1600,1600 - 1700,1700 - 1800,1800 - 1900,1900 - 2000,2000 - 2100,2100 - 2200,2200 - 2300,2300 - 2400
Electrical,18486,18486,18486,18486,18486,18486,18486,18486,18486,18486,18486,18486,18486,18486,18486,18486,18486,18486,18486,18486,18486,18486,18486,18486
Personnel,5500,5500,5500,5500,5500,5500,11000,11000,11000,11000,11000,11000,11000,11000,11000,11000,11000,11000,11000,11000,5500,5500,5500,5500
Structure,-8493,-10035,-12657,-15280,-16907,-18533,-14535,-2555,9785,20127,29246,35712,40577,42800,42400,39828,33679,26481,17581,7014,3161,-109,-2435,-3951
Ventilation,-658,-988,-1646,-2304,-2633,-2963,-2633,-1317,329,1646,2963,3950,4938,5596,5925,6254,5925,5596,4938,3621,2633,1646,988,658
Shelter HVAC Heat Load,14835,12963,9684,6402,4446,2490,12318,25614,39600,51259,61695,69148,75001,77883,77811,75569,69091,61563,52005,40122,29781,25523,22539,20693
,,,,,,,,,,,,,,,,,,,,,,,,
Temperatures (°F),,,,,,,,,,,,,,,,,,,,,,,,
,2400 - 0100,0100 - 0200,0200 - 0300,0300 - 0400,0400 - 0500,0500 - 0600,0600 - 0700,0700 - 0800,0800 - 0900,0900 - 1000,1000 - 1100,1100 - 1200,1200 - 1300,1300 - 1400,1400 - 1500,1500 - 1600,1600 - 1700,1700 - 1800,1800 - 1900,1900 - 2000,2000 - 2100,2100 - 2200,2200 - 2300,2300 - 2400
Ambient Temperature,83,82,80,78,77,76,77,81,86,90,94,97,100,102,103,104,103,102,100,96,93,90,88,87
Shelter Internal Temperature,85,85,85,85,85,85,85,85,85,85,85,85,88,89,89,89,86,85,85,85,85,85,85,85
,,,,,,,,,,,,,,,,,,,,,,,,
,,,,,,,,,,,,,,,,,,,,,,,,
24 Profile for Shelter: Base-X 203 18K,,,,,,,,,,,,,,,,,,,,,,,,
,,,,,,,,,,,,,,,,,,,,,,,,
Shelter HVAC Heat Load / ECU Supply Summary (BTU/hr),,,,,,,,,,,,,,,,,,,,,,,,
,2400 - 0100,0100 - 0200,0200 - 0300,0300 - 0400,0400 - 0500,0500 - 0600,0600 - 0700,0700 - 0800,0800 - 0900,0900 - 1000,1000 - 1100,1100 - 1200,1200 - 1300,1300 - 1400,1400 - 1500,1500 - 1600,1600 - 1700,1700 - 1800,1800 - 1900,1900 - 2000,2000 - 2100,2100 - 2200,2200 - 2300,2300 - 2400
HVAC Supply from 18K E2CU,0,0,0,0,0,0,0,0,0,0,0,0,0,0,0,0,0,0,0,0,0,0,0,0
HVAC Supply from 18K E2CU,0,0,0,0,0,0,0,0,0,0,0,2733,6159,8196,8847,8839,6467,3809,0,0,0,0,0,0
HVAC Supply from 18K E2CU,0,0,0,0,0,0,0,4423,10506,15489,20137,20785,20312,19997,19840,19682,19840,19997,20306,15251,7082,4587,2866,1866
HVAC Supply from 18K E2CU,21486,20639,19125,17611,16730,15850,22893,23305,22517,21887,21257,20785,20312,19997,19840,19682,19840,19997,20312,20942,21415,21887,22202,22360
Shelter HVAC Heat Load,21486,20639,19125,17611,16730,15850,22893,27728,33023,37376,41394,44302,46783,48190,48526,48203,46146,43803,40618,36193,28497,26474,25068,24226
,,,,,,,,,,,,,,,,,,,,,,,,
Shelter Heat Load Breakdown (BTU/hr),,,,,,,,,,,,,,,,,,,,,,,,
,2400 - 0100,0100 - 0200,0200 - 0300,0300 - 0400,0400 - 0500,0500 - 0600,0600 - 0700,0700 - 0800,0800 - 0900,0900 - 1000,1000 - 1100,1100 - 1200,1200 - 1300,1300 - 1400,1400 - 1500,1500 - 1600,1600 - 1700,1700 - 1800,1800 - 1900,1900 - 2000,2000 - 2100,2100 - 2200,2200 - 2300,2300 - 2400
Electrical,18486,18486,18486,18486,18486,18486,18486,18486,18486,18486,18486,18486,18486,18486,18486,18486,18486,18486,18486,18486,18486,18486,18486,18486
Personnel,5500,5500,5500,5500,5500,5500,11000,11000,11000,11000,11000,11000,11000,11000,11000,11000,11000,11000,11000,11000,5500,5500,5500,5500
Structure,-1842,-2360,-3215,-4071,-4623,-5174,-3960,-442,3207,6244,8946,10866,12359,13108,13114,12463,10734,8721,6194,3086,1878,842,94,-418
Ventilation,-658,-988,-1646,-2304,-2633,-2963,-2633,-1317,329,1646,2963,3950,4938,5596,5925,6254,5925,5596,4938,3621,2633,1646,988,658
Shelter HVAC Heat Load,21486,20639,19125,17611,16730,15850,22893,27728,33023,37376,41394,44302,46783,48190,48526,48203,46146,43803,40618,36193,28497,26474,25068,24226
,,,,,,,,,,,,,,,,,,,,,,,,
Temperatures (°F),,,,,,,,,,,,,,,,,,,,,,,,
,2400 - 0100,0100 - 0200,0200 - 0300,0300 - 0400,0400 - 0500,0500 - 0600,0600 - 0700,0700 - 0800,0800 - 0900,0900 - 1000,1000 - 1100,1100 - 1200,1200 - 1300,1300 - 1400,1400 - 1500,1500 - 1600,1600 - 1700,1700 - 1800,1800 - 1900,1900 - 2000,2000 - 2100,2100 - 2200,2200 - 2300,2300 - 2400
Ambient Temperature,83,82,80,78,77,76,77,81,86,90,94,97,100,102,103,104,103,102,100,96,93,90,88,87
Shelter Internal Temperature,85,85,85,85,85,85,85,85,85,85,85,85,85,85,85,85,85,85,85,85,85,85,85,85
,,,,,,,,,,,,,,,,,,,,,,,,
,,,,,,,,,,,,,,,,,,,,,,,,
24 Profile for Shelter: Base-X 203 36K,,,,,,,,,,,,,,,,,,,,,,,,
,,,,,,,,,,,,,,,,,,,,,,,,
Shelter HVAC Heat Load / ECU Supply Summary (BTU/hr),,,,,,,,,,,,,,,,,,,,,,,,
,2400 - 0100,0100 - 0200,0200 - 0300,0300 - 0400,0400 - 0500,0500 - 0600,0600 - 0700,0700 - 0800,0800 - 0900,0900 - 1000,1000 - 1100,1100 - 1200,1200 - 1300,1300 - 1400,1400 - 1500,1500 - 1600,1600 - 1700,1700 - 1800,1800 - 1900,1900 - 2000,2000 - 2100,2100 - 2200,2200 - 2300,2300 - 2400
HVAC Supply from 36K ECU,21486,20639,19125,17611,16730,15850,22893,27728,33023,37376,41394,41569,40624,39994,39679,39364,39679,39994,40618,36193,28497,26474,25068,24226
HVAC Supply from 36K ECU,0,0,0,0,0,0,0,0,0,0,0,2733,6159,8196,8847,8839,6467,3809,0,0,0,0,0,0
Shelter HVAC Heat Load,21486,20639,19125,17611,16730,15850,22893,27728,33023,37376,41394,44302,46783,48190,48526,48203,46146,43803,40618,36193,28497,26474,25068,24226
,,,,,,,,,,,,,,,,,,,,,,,,
Shelter Heat Load Breakdown (BTU/hr),,,,,,,,,,,,,,,,,,,,,,,,
,2400 - 0100,0100 - 0200,0200 - 0300,0300 - 0400,0400 - 0500,0500 - 0600,0600 - 0700,0700 - 0800,0800 - 0900,0900 - 1000,1000 - 1100,1100 - 1200,1200 - 1300,1300 - 1400,1400 - 1500,1500 - 1600,1600 - 1700,1700 - 1800,1800 - 1900,1900 - 2000,2000 - 2100,2100 - 2200,2200 - 2300,2300 - 2400
Electrical,18486,18486,18486,18486,18486,18486,18486,18486,18486,18486,18486,18486,18486,18486,18486,18486,18486,18486,18486,18486,18486,18486,18486,18486
Personnel,5500,5500,5500,5500,5500,5500,11000,11000,11000,11000,11000,11000,11000,11000,11000,11000,11000,11000,11000,11000,5500,5500,5500,5500
Structure,-1842,-2360,-3215,-4071,-4623,-5174,-3960,-442,3207,6244,8946,10866,12359,13108,13114,12463,10734,8721,6194,3086,1878,842,94,-418
Ventilation,-658,-988,-1646,-2304,-2633,-2963,-2633,-1317,329,1646,2963,3950,4938,5596,5925,6254,5925,5596,4938,3621,2633,1646,988,658
Shelter HVAC Heat Load,21486,20639,19125,17611,16730,15850,22893,27728,33023,37376,41394,44302,46783,48190,48526,48203,46146,43803,40618,36193,28497,26474,25068,24226
,,,,,,,,,,,,,,,,,,,,,,,,
Temperatures (°F),,,,,,,,,,,,,,,,,,,,,,,,
,2400 - 0100,0100 - 0200,0200 - 0300,0300 - 0400,0400 - 0500,0500 - 0600,0600 - 0700,0700 - 0800,0800 - 0900,0900 - 1000,1000 - 1100,1100 - 1200,1200 - 1300,1300 - 1400,1400 - 1500,1500 - 1600,1600 - 1700,1700 - 1800,1800 - 1900,1900 - 2000,2000 - 2100,2100 - 2200,2200 - 2300,2300 - 2400
Ambient Temperature,83,82,80,78,77,76,77,81,86,90,94,97,100,102,103,104,103,102,100,96,93,90,88,87
Shelter Internal Temperature,85,85,85,85,85,85,85,85,85,85,85,85,85,85,85,85,85,85,85,85,85,85,85,85
,,,,,,,,,,,,,,,,,,,,,,,,
,,,,,,,,,,,,,,,,,,,,,,,,
24 Profile for Shelter: Base-X 203 60K,,,,,,,,,,,,,,,,,,,,,,,,
,,,,,,,,,,,,,,,,,,,,,,,,
Shelter HVAC Heat Load / ECU Supply Summary (BTU/hr),,,,,,,,,,,,,,,,,,,,,,,,
,2400 - 0100,0100 - 0200,0200 - 0300,0300 - 0400,0400 - 0500,0500 - 0600,0600 - 0700,0700 - 0800,0800 - 0900,0900 - 1000,1000 - 1100,1100 - 1200,1200 - 1300,1300 - 1400,1400 - 1500,1500 - 1600,1600 - 1700,1700 - 1800,1800 - 1900,1900 - 2000,2000 - 2100,2100 - 2200,2200 - 2300,2300 - 2400
HVAC Supply from 60K ECU,21486,20639,19125,17611,16730,15850,22893,27728,33023,37376,41394,44302,46783,48190,48526,48203,46146,43803,40618,36193,28497,26474,25068,24226
Shelter HVAC Heat Load,21486,20639,19125,17611,16730,15850,22893,27728,33023,37376,41394,44302,46783,48190,48526,48203,46146,43803,40618,36193,28497,26474,25068,24226
,,,,,,,,,,,,,,,,,,,,,,,,
Shelter Heat Load Breakdown (BTU/hr),,,,,,,,,,,,,,,,,,,,,,,,
,2400 - 0100,0100 - 0200,0200 - 0300,0300 - 0400,0400 - 0500,0500 - 0600,0600 - 0700,0700 - 0800,0800 - 0900,0900 - 1000,1000 - 1100,1100 - 1200,1200 - 1300,1300 - 1400,1400 - 1500,1500 - 1600,1600 - 1700,1700 - 1800,1800 - 1900,1900 - 2000,2000 - 2100,2100 - 2200,2200 - 2300,2300 - 2400
Electrical,18486,18486,18486,18486,18486,18486,18486,18486,18486,18486,18486,18486,18486,18486,18486,18486,18486,18486,18486,18486,18486,18486,18486,18486
Personnel,5500,5500,5500,5500,5500,5500,11000,11000,11000,11000,11000,11000,11000,11000,11000,11000,11000,11000,11000,11000,5500,5500,5500,5500
Structure,-1842,-2360,-3215,-4071,-4623,-5174,-3960,-442,3207,6244,8946,10866,12359,13108,13114,12463,10734,8721,6194,3086,1878,842,94,-418
Ventilation,-658,-988,-1646,-2304,-2633,-2963,-2633,-1317,329,1646,2963,3950,4938,5596,5925,6254,5925,5596,4938,3621,2633,1646,988,658
Shelter HVAC Heat Load,21486,20639,19125,17611,16730,15850,22893,27728,33023,37376,41394,44302,46783,48190,48526,48203,46146,43803,40618,36193,28497,26474,25068,24226
,,,,,,,,,,,,,,,,,,,,,,,,
Temperatures (°F),,,,,,,,,,,,,,,,,,,,,,,,
,2400 - 0100,0100 - 0200,0200 - 0300,0300 - 0400,0400 - 0500,0500 - 0600,0600 - 0700,0700 - 0800,0800 - 0900,0900 - 1000,1000 - 1100,1100 - 1200,1200 - 1300,1300 - 1400,1400 - 1500,1500 - 1600,1600 - 1700,1700 - 1800,1800 - 1900,1900 - 2000,2000 - 2100,2100 - 2200,2200 - 2300,2300 - 2400
Ambient Temperature,83,82,80,78,77,76,77,81,86,90,94,97,100,102,103,104,103,102,100,96,93,90,88,87
Shelter Internal Temperature,85,85,85,85,85,85,85,85,85,85,85,85,85,85,85,85,85,85,85,85,85,85,85,85
,,,,,,,,,,,,,,,,,,,,,,,,
,,,,,,,,,,,,,,,,,,,,,,,,
24 Profile for Shelter: Base-X 305 18K,,,,,,,,,,,,,,,,,,,,,,,,
,,,,,,,,,,,,,,,,,,,,,,,,
Shelter HVAC Heat Load / ECU Supply Summary (BTU/hr),,,,,,,,,,,,,,,,,,,,,,,,
,2400 - 0100,0100 - 0200,0200 - 0300,0300 - 0400,0400 - 0500,0500 - 0600,0600 - 0700,0700 - 0800,0800 - 0900,0900 - 1000,1000 - 1100,1100 - 1200,1200 - 1300,1300 - 1400,1400 - 1500,1500 - 1600,1600 - 1700,1700 - 1800,1800 - 1900,1900 - 2000,2000 - 2100,2100 - 2200,2200 - 2300,2300 - 2400
HVAC Supply from 18K E2CU,0,0,0,0,0,0,0,0,0,0,0,0,0,0,0,0,0,0,0,0,0,0,0,0
HVAC Supply from 18K E2CU,0,0,0,0,0,0,0,0,0,0,6397,11881,16533,19122,19657,19000,15073,10593,4518,0,0,0,0,0
HVAC Supply from 18K E2CU,0,0,0,0,0,0,0,3915,13115,20707,21257,20785,20312,19997,19840,19682,19840,19997,20312,17086,7943,4622,2317,947
HVAC Supply from 18K E2CU,19413,18185,16017,13847,12567,11289,19344,23305,22517,21887,21257,20785,20312,19997,19840,19682,19840,19997,20312,20942,21415,21887,22202,22360
Shelter HVAC Heat Load,19413,18185,16017,13847,12567,11289,19344,27220,35632,42594,48911,53450,57157,59116,59336,58364,54752,50587,45142,38028,29358,26509,24519,23307
,,,,,,,,,,,,,,,,,,,,,,,,
Shelter Heat Load Breakdown (BTU/hr),,,,,,,,,,,,,,,,,,,,,,,,
,2400 - 0100,0100 - 0200,0200 - 0300,0300 - 0400,0400 - 0500,0500 - 0600,0600 - 0700,0700 - 0800,0800 - 0900,0900 - 1000,1000 - 1100,1100 - 1200,1200 - 1300,1300 - 1400,1400 - 1500,1500 - 1600,1600 - 1700,1700 - 1800,1800 - 1900,1900 - 2000,2000 - 2100,2100 - 2200,2200 - 2300,2300 - 2400
Electrical,18486,18486,18486,18486,18486,18486,18486,18486,18486,18486,18486,18486,18486,18486,18486,18486,18486,18486,18486,18486,18486,18486,18486,18486
Personnel,5500,5500,5500,5500,5500,5500,11000,11000,11000,11000,11000,11000,11000,11000,11000,11000,11000,11000,11000,11000,5500,5500,5500,5500
Structure,-3915,-4814,-6324,-7835,-8785,-9735,-7509,-949,5816,11461,16462,20014,22733,24033,23924,22624,19341,15504,10718,4921,2738,876,-454,-1338
Ventilation,-658,-988,-1646,-2304,-2633,-2963,-2633,-1317,329,1646,2963,3950,4938,5596,5925,6254,5925,5596,4938,3621,2633,1646,988,658
Shelter HVAC Heat Load,19413,18185,16017,13847,12567,11289,19344,27220,35632,42594,48911,53450,57157,59116,59336,58364,54752,50587,45142,38028,29358,26509,24519,23307
,,,,,,,,,,,,,,,,,,,,,,,,
Temperatures (°F),,,,,,,,,,,,,,,,,,,,,,,,
,2400 - 0100,0100 - 0200,0200 - 0300,0300 - 0400,0400 - 0500,0500 - 0600,0600 - 0700,0700 - 0800,0800 - 0900,0900 - 1000,1000 - 1100,1100 - 1200,1200 - 1300,1300 - 1400,1400 - 1500,1500 - 1600,1600 - 1700,1700 - 1800,1800 - 1900,1900 - 2000,2000 - 2100,2100 - 2200,2200 - 2300,2300 - 2400
Ambient Temperature,83,82,80,78,77,76,77,81,86,90,94,97,100,102,103,104,103,102,100,96,93,90,88,87
Shelter Internal Temperature,85,85,85,85,85,85,85,85,85,85,85,85,85,85,85,85,85,85,85,85,85,85,85,85
,,,,,,,,,,,,,,,,,,,,,,,,
,,,,,,,,,,,,,,,,,,,,,,,,
24 Profile for Shelter: Base-X 305 36K,,,,,,,,,,,,,,,,,,,,,,,,
,,,,,,,,,,,,,,,,,,,,,,,,
Shelter HVAC Heat Load / ECU Supply Summary (BTU/hr),,,,,,,,,,,,,,,,,,,,,,,,
,2400 - 0100,0100 - 0200,0200 - 0300,0300 - 0400,0400 - 0500,0500 - 0600,0600 - 0700,0700 - 0800,0800 - 0900,0900 - 1000,1000 - 1100,1100 - 1200,1200 - 1300,1300 - 1400,1400 - 1500,1500 - 1600,1600 - 1700,1700 - 1800,1800 - 1900,1900 - 2000,2000 - 2100,2100 - 2200,2200 - 2300,2300 - 2400
HVAC Supply from 36K ECU,0,0,0,0,0,0,0,0,0,0,6397,11881,16533,19122,19657,19000,15073,10593,4518,0,0,0,0,0
HVAC Supply from 36K ECU,19413,18185,16017,13847,12567,11289,19344,27220,35632,42594,42514,41569,40624,39994,39679,39364,39679,39994,40624,38028,29358,26509,24519,23307
Shelter HVAC Heat Load,19413,18185,16017,13847,12567,11289,19344,27220,35632,42594,48911,53450,57157,59116,59336,58364,54752,50587,45142,38028,29358,26509,24519,23307
,,,,,,,,,,,,,,,,,,,,,,,,
Shelter Heat Load Breakdown (BTU/hr),,,,,,,,,,,,,,,,,,,,,,,,
,2400 - 0100,0100 - 0200,0200 - 0300,0300 - 0400,0400 - 0500,0500 - 0600,0600 - 0700,0700 - 0800,0800 - 0900,0900 - 1000,1000 - 1100,1100 - 1200,1200 - 1300,1300 - 1400,1400 - 1500,1500 - 1600,1600 - 1700,1700 - 1800,1800 - 1900,1900 - 2000,2000 - 2100,2100 - 2200,2200 - 2300,2300 - 2400
Electrical,18486,18486,18486,18486,18486,18486,18486,18486,18486,18486,18486,18486,18486,18486,18486,18486,18486,18486,18486,18486,18486,18486,18486,18486
Personnel,5500,5500,5500,5500,5500,5500,11000,11000,11000,11000,11000,11000,11000,11000,11000,11000,11000,11000,11000,11000,5500,5500,5500,5500
Structure,-3915,-4814,-6324,-7835,-8785,-9735,-7509,-949,5816,11461,16462,20014,22733,24033,23924,22624,19341,15504,10718,4921,2738,876,-454,-1338
Ventilation,-658,-988,-1646,-2304,-2633,-2963,-2633,-1317,329,1646,2963,3950,4938,5596,5925,6254,5925,5596,4938,3621,2633,1646,988,658
Shelter HVAC Heat Load,19413,18185,16017,13847,12567,11289,19344,27220,35632,42594,48911,53450,57157,59116,59336,58364,54752,50587,45142,38028,29358,26509,24519,23307
,,,,,,,,,,,,,,,,,,,,,,,,
Temperatures (°F),,,,,,,,,,,,,,,,,,,,,,,,
,2400 - 0100,0100 - 0200,0200 - 0300,0300 - 0400,0400 - 0500,0500 - 0600,0600 - 0700,0700 - 0800,0800 - 0900,0900 - 1000,1000 - 1100,1100 - 1200,1200 - 1300,1300 - 1400,1400 - 1500,1500 - 1600,1600 - 1700,1700 - 1800,1800 - 1900,1900 - 2000,2000 - 2100,2100 - 2200,2200 - 2300,2300 - 2400
Ambient Temperature,83,82,80,78,77,76,77,81,86,90,94,97,100,102,103,104,103,102,100,96,93,90,88,87
Shelter Internal Temperature,85,85,85,85,85,85,85,85,85,85,85,85,85,85,85,85,85,85,85,85,85,85,85,85
,,,,,,,,,,,,,,,,,,,,,,,,
,,,,,,,,,,,,,,,,,,,,,,,,
24 Profile for Shelter: Base-X 305 60K,,,,,,,,,,,,,,,,,,,,,,,,
,,,,,,,,,,,,,,,,,,,,,,,,
Shelter HVAC Heat Load / ECU Supply Summary (BTU/hr),,,,,,,,,,,,,,,,,,,,,,,,
,2400 - 0100,0100 - 0200,0200 - 0300,0300 - 0400,0400 - 0500,0500 - 0600,0600 - 0700,0700 - 0800,0800 - 0900,0900 - 1000,1000 - 1100,1100 - 1200,1200 - 1300,1300 - 1400,1400 - 1500,1500 - 1600,1600 - 1700,1700 - 1800,1800 - 1900,1900 - 2000,2000 - 2100,2100 - 2200,2200 - 2300,2300 - 2400
HVAC Supply from 60K ECU,19413,18185,16017,13847,12567,11289,19344,27220,35632,42594,48911,53450,57157,59116,59336,58364,54752,50587,45142,38028,29358,26509,24519,23307
Shelter HVAC Heat Load,19413,18185,16017,13847,12567,11289,19344,27220,35632,42594,48911,53450,57157,59116,59336,58364,54752,50587,45142,38028,29358,26509,24519,23307
,,,,,,,,,,,,,,,,,,,,,,,,
Shelter Heat Load Breakdown (BTU/hr),,,,,,,,,,,,,,,,,,,,,,,,
,2400 - 0100,0100 - 0200,0200 - 0300,0300 - 0400,0400 - 0500,0500 - 0600,0600 - 0700,0700 - 0800,0800 - 0900,0900 - 1000,1000 - 1100,1100 - 1200,1200 - 1300,1300 - 1400,1400 - 1500,1500 - 1600,1600 - 1700,1700 - 1800,1800 - 1900,1900 - 2000,2000 - 2100,2100 - 2200,2200 - 2300,2300 - 2400
Electrical,18486,18486,18486,18486,18486,18486,18486,18486,18486,18486,18486,18486,18486,18486,18486,18486,18486,18486,18486,18486,18486,18486,18486,18486
Personnel,5500,5500,5500,5500,5500,5500,11000,11000,11000,11000,11000,11000,11000,11000,11000,11000,11000,11000,11000,11000,5500,5500,5500,5500
Structure,-3915,-4814,-6324,-7835,-8785,-9735,-7509,-949,5816,11461,16462,20014,22733,24033,23924,22624,19341,15504,10718,4921,2738,876,-454,-1338
Ventilation,-658,-988,-1646,-2304,-2633,-2963,-2633,-1317,329,1646,2963,3950,4938,5596,5925,6254,5925,5596,4938,3621,2633,1646,988,658
Shelter HVAC Heat Load,19413,18185,16017,13847,12567,11289,19344,27220,35632,42594,48911,53450,57157,59116,59336,58364,54752,50587,45142,38028,29358,26509,24519,23307
,,,,,,,,,,,,,,,,,,,,,,,,
Temperatures (°F),,,,,,,,,,,,,,,,,,,,,,,,
,2400 - 0100,0100 - 0200,0200 - 0300,0300 - 0400,0400 - 0500,0500 - 0600,0600 - 0700,0700 - 0800,0800 - 0900,0900 - 1000,1000 - 1100,1100 - 1200,1200 - 1300,1300 - 1400,1400 - 1500,1500 - 1600,1600 - 1700,1700 - 1800,1800 - 1900,1900 - 2000,2000 - 2100,2100 - 2200,2200 - 2300,2300 - 2400
Ambient Temperature,83,82,80,78,77,76,77,81,86,90,94,97,100,102,103,104,103,102,100,96,93,90,88,87
Shelter Internal Temperature,85,85,85,85,85,85,85,85,85,85,85,85,85,85,85,85,85,85,85,85,85,85,85,85
,,,,,,,,,,,,,,,,,,,,,,,,
,,,,,,,,,,,,,,,,,,,,,,,,
